{"cameraMode":{"drawMode":0,"name":"Shaded","section":"Shading Mode"},"sceneLighting":true,"audioPlay":false,"sceneViewState":{"m_AlwaysRefresh":false,"showFog":true,"showSkybox":true,"showFlares":true,"showImageEffects":true,"showParticleSystems":true,"showVisualEffectGraphs":true,"m_FxEnabled":true},"in2DMode":false,"pivot":{"x":494.3081970214844,"y":250.68453979492188,"z":74.34523010253906},"rotation":{"x":-0.006309443153440952,"y":0.0035974900238215925,"z":-0.00002263673195557203,"w":-0.999974250793457},"size":355.5216064453125,"orthographic":true}